Model name,Accuracy,Sensitivity,Precision,F1 Score,Specificity,Balanced accuracy,MCC,False Positive Rate,False Negative Rate,Time
Logistic Regression,0.8666052773632236,0.8370395634379263,0.8713342327629057,0.8538426747381971,0.8923543040456247,0.8646969337417755,0.7317502495993271,0.10764569595437533,0.16296043656207368,8.652695178985596
Decision Tree,0.9031848347251771,0.7980546864372194,0.9932277998814865,0.8850084857627758,0.9952355428503364,0.8966451146437779,0.8174589370976566,0.0047644571496635105,0.2019453135627806,0.7932302951812744
Random Forest,0.998856888832439,0.9978287420274121,0.9997280761386812,0.9987775061124694,0.9997612652939422,0.9987950036606772,0.997705689375303,0.00023873470605789316,0.002171257972587868,18.323453426361084
KNearestNeighbors,0.993109579906646,0.9895439224048979,0.9955017301038063,0.992513885534895,0.9961665487143194,0.9928552355596086,0.9861466952793203,0.003833451285680585,0.010456077595102153,39.288094997406006
NaiveBayes,0.8874988092592004,0.8346386369881835,0.9144900263455025,0.8727416400272978,0.932927909310976,0.8837832731495798,0.7748959724368297,0.06707209068902403,0.16536136301181642,0.7872686386108398
GradientBoosting,0.9859651351093894,0.9818820611738771,0.9875970066518847,0.9847312422274423,0.9894563232608824,0.9856691922173797,0.9717599667538539,0.01054367673911763,0.0181179388261229,22.43138861656189
MLP,0.9911726415393897,0.9920185551538304,0.9890498537713391,0.9905319801103467,0.9904360223357491,0.9912272887447897,0.982267981114739,0.009563977664250921,0.007981444846169588,65.32266664505005
XGBC,0.9993331851522561,0.9990518759311933,0.9995257131241954,0.9992887383573243,0.9995815149160041,0.9993166954235987,0.9986612415698454,0.00041848508399593474,0.0009481240688067181,5.356988906860352
LGBMC,0.999015654272378,0.9985729817885295,0.9993199591975519,0.9989463308521125,0.9994039458782857,0.9989884638334077,0.9980229956212273,0.0005960541217142517,0.0014270182114705084,2.1256728172302246
